key,agent,decision_cell,output_A,output_B,human_diverged
edit-review-trace-0004.jsonl:editor:0,editor,doc,Distributed systems are a collection of independent computers that appear to the users of the system as a single coherent system.,"A distributed system is a network of independent computers that work together to achieve a common objective, appearing to users as a single, unified system.",NO
edit-review-trace-0011.jsonl:editor:0,editor,doc,Distributed systems are a collection of independent computers that appear to the users of the system as a single coherent system.,"A distributed system is a network of independent computers that work together to achieve a common goal, appearing to users as a single coherent system.",NO
edit-review-trace-0014.jsonl:editor:0,editor,doc,Distributed systems are a collection of independent computers that appear to the users of the system as a single coherent system.,A distributed system is a network of autonomous computers that communicate and coordinate their actions by passing messages to achieve a common goal.,NO
edit-review-trace-0015.jsonl:editor:0,editor,doc,Distributed systems are a collection of independent computers that appear to the users of the system as a single coherent system.,A distributed system is a network of autonomous computers that communicate and coordinate their actions by passing messages to achieve a common goal.,NO
edit-review-trace-0021.jsonl:editor:0,editor,doc,Distributed systems are a collection of independent computers that appear to the users of the system as a single coherent system.,A distributed system is a network of autonomous computers that communicate and coordinate their actions by passing messages to achieve a common goal.,NO
edit-review-trace-0022.jsonl:editor:0,editor,doc,Distributed systems are a collection of independent computers that appear to the users of the system as a single coherent system.,A distributed system is a network of independent computers that work together to achieve a common objective by sharing resources and information.,NO
edit-review-trace-0024.jsonl:editor:0,editor,doc,Distributed systems are a collection of independent computers that appear to the users of the system as a single coherent system.,"A distributed system is a network of independent computers that collaborate to achieve a common objective, appearing to users as a single, unified system.",NO
edit-review-trace-0025.jsonl:editor:0,editor,doc,Distributed systems are a collection of independent computers that appear to the users of the system as a single coherent system.,A distributed system is a network of autonomous computers that communicate and coordinate their actions by passing messages to achieve a common goal.,NO
edit-review-trace-0029.jsonl:editor:0,editor,doc,Distributed systems are a collection of independent computers that appear to the users of the system as a single coherent system.,"A distributed system is a network of independent computers that work together to achieve a common goal, appearing to users as a single system.",NO
edit-review-trace-0030.jsonl:editor:0,editor,doc,Distributed systems are a collection of independent computers that appear to the users of the system as a single coherent system.,"A distributed system is a network of independent computers that work together to achieve a common goal, appearing to users as a single coherent system.",NO
edit-review-trace-0031.jsonl:editor:0,editor,doc,Distributed systems are a collection of independent computers that appear to the users of the system as a single coherent system.,"A distributed system is a network of independent computers that work together to achieve a common objective, appearing to users as a single, unified system.",NO
edit-review-trace-0033.jsonl:editor:0,editor,doc,Distributed systems are a collection of independent computers that appear to the users of the system as a single coherent system.,A distributed system is a network of autonomous computers that communicate and coordinate their actions by passing messages to achieve a common goal.,NO
edit-review-trace-0035.jsonl:editor:0,editor,doc,Distributed systems are a collection of independent computers that appear to the users of the system as a single coherent system.,"A distributed system is a network of autonomous computers that communicate and coordinate their actions by passing messages to achieve a common goal, appearing to users as a single coherent system.",NO
edit-review-trace-0036.jsonl:editor:0,editor,doc,Distributed systems are a collection of independent computers that appear to the users of the system as a single coherent system.,"A distributed system is a network of independent computers that work together to achieve a common objective, appearing to users as a single, unified system.",NO
edit-review-trace-0037.jsonl:editor:0,editor,doc,Distributed systems are a collection of independent computers that appear to the users of the system as a single coherent system.,"A distributed system is a network of independent computers that work together to achieve a common goal, appearing to users as a single coherent system.",NO
edit-review-trace-0040.jsonl:editor:0,editor,doc,"Distributed systems are a collection of independent computers that appear to the users as a single coherent system, working together to achieve a common goal.",A distributed system is a network of autonomous computers that communicate and coordinate their actions by passing messages to achieve a common goal.,NO
edit-review-trace-0046.jsonl:editor:0,editor,doc,Distributed systems are a collection of independent computers that appear to the users of the system as a single coherent system.,"A distributed system is a network of independent computers that work together to achieve a common goal, appearing to users as a single, unified system.",NO
edit-review-trace-0048.jsonl:editor:0,editor,doc,Distributed systems are a collection of independent computers that appear to the users of the system as a single coherent system.,A distributed system is a network of autonomous computers that communicate and coordinate their actions by passing messages to achieve a common goal.,NO
edit-review-trace-0049.jsonl:editor:0,editor,doc,Distributed systems are a collection of independent computers that appear to the users of the system as a single coherent system.,A distributed system is a network of independent computers that work together to achieve a common objective by sharing resources and coordinating tasks.,NO
edit-review-trace-0053.jsonl:editor:0,editor,doc,Distributed systems are a collection of independent computers that appear to the users of the system as a single coherent system.,"A distributed system is a network of independent computers that work together to achieve a common goal, appearing to users as a single, unified system.",NO
edit-review-trace-0057.jsonl:editor:0,editor,doc,Distributed systems are a collection of independent computers that appear to the users of the system as a single coherent system.,Distributed systems are networks of autonomous computers that communicate and coordinate their actions by passing messages to achieve a common goal.,NO
edit-review-trace-0063.jsonl:editor:0,editor,doc,Distributed systems are a collection of independent computers that appear to the users of the system as a single coherent system.,"A distributed system is a network of independent computers that work together to achieve a common goal, appearing to users as a single coherent system.",NO
edit-review-trace-0064.jsonl:editor:0,editor,doc,Distributed systems are a collection of independent computers that appear to the users of the system as a single coherent system.,"Distributed systems are networks of autonomous computers that work together to achieve a common objective, appearing to users as a single, unified system.",NO
edit-review-trace-0068.jsonl:editor:0,editor,doc,Distributed systems are a collection of independent computers that appear to the users of the system as a single coherent system.,"A distributed system is a network of autonomous computers that work together to achieve a common goal, appearing to users as a single coherent system.",NO
edit-review-trace-0069.jsonl:editor:0,editor,doc,Distributed systems are a collection of independent computers that appear to the users of the system as a single coherent system.,A distributed system is a network of autonomous computers that communicate and coordinate their actions by passing messages to achieve a common goal.,NO
edit-review-trace-0070.jsonl:editor:0,editor,doc,Distributed systems are a collection of independent computers that appear to the users of the system as a single coherent system.,A distributed system is a network of independent computers that work together to achieve a common objective by sharing resources and coordinating tasks.,NO
edit-review-trace-0077.jsonl:editor:0,editor,doc,Distributed systems are a collection of independent computers that appear to the users of the system as a single coherent system.,"A distributed system is a network of independent computers that work together to achieve a common objective, appearing to users as a single, unified system.",NO
edit-review-trace-0079.jsonl:editor:0,editor,doc,Distributed systems are a collection of independent computers that appear to the users of the system as a single coherent system.,"A distributed system is a network of independent computers that work together to achieve a common objective, appearing to users as a single, unified system.",NO
edit-review-trace-0081.jsonl:editor:0,editor,doc,Distributed systems are a collection of independent computers that appear to the users of the system as a single coherent system.,"A distributed system is a network of independent computers that work together to achieve a common objective, appearing to users as a single, unified system.",NO
edit-review-trace-0084.jsonl:editor:0,editor,doc,Distributed systems are a collection of independent computers that appear to the users of the system as a single coherent system.,"A distributed system is a network of independent computers that work together to achieve a common objective, appearing to users as a single, unified system.",NO
edit-review-trace-0086.jsonl:editor:0,editor,doc,Distributed systems are a collection of independent computers that appear to the users of the system as a single coherent system.,"A distributed system is a network of independent computers that work together to achieve a common goal, appearing to users as a single coherent system.",NO
edit-review-trace-0089.jsonl:editor:0,editor,doc,Distributed systems are a collection of independent computers that appear to the users of the system as a single coherent system.,A distributed system is a network of autonomous computers that communicate and coordinate their actions by passing messages to achieve a common goal.,NO
edit-review-trace-0090.jsonl:editor:0,editor,doc,Distributed systems are a collection of independent computers that appear to the users of the system as a single coherent system.,"A distributed system is a network of independent computers that work together to achieve a common objective, appearing to users as a single, unified system.",NO
edit-review-trace-0094.jsonl:editor:0,editor,doc,Distributed systems are a collection of independent computers that appear to the users of the system as a single coherent system.,"A distributed system is a network of independent computers that work together to achieve a common objective, appearing to users as a single, unified system.",NO
edit-review-trace-0099.jsonl:editor:0,editor,doc,Distributed systems are a collection of independent computers that appear to the users of the system as a single coherent system.,"A distributed system is a network of independent computers that work together to achieve a common objective, appearing as a single system to users.",NO
triage-trace-0027.jsonl:engineer:0,engineer,resolution,Resolution: The issue was resolved by providing the necessary tool parameters to execute step 2 successfully.,The issue has been resolved by providing the necessary tool parameters to execute step 2 of the protocol.,NO
triage-trace-0035.jsonl:engineer:0,engineer,resolution,Resolution is pending due to missing priority information.,The bug causing issues when updating the ticket state has been identified and fixed.,YES
triage-trace-0037.jsonl:engineer:0,engineer,resolution,The bug in the login authentication process was fixed by updating the validation logic to correctly handle valid credentials.,"The bug in the login authentication process has been identified and fixed, restoring normal login functionality for valid credentials.",NO
triage-trace-0041.jsonl:engineer:0,engineer,resolution,Unable to resolve due to state read operation failure.,The issue with the state read operation has been resolved by updating the system permissions.,YES
triage-trace-0049.jsonl:engineer:0,engineer,resolution,Set the priority to 'High' and investigate the issue with the website's image rendering.,The issue with images not rendering properly on the website has been resolved by updating the image rendering script.,YES
triage-trace-0050.jsonl:engineer:0,engineer,resolution,The issue was resolved by optimizing the event listener for the submit button to improve responsiveness.,The issue was resolved by fixing the JavaScript event listener for the submit button to ensure it triggers correctly.,NO
triage-trace-0059.jsonl:engineer:0,engineer,resolution,Resolution: The protocol has been initiated as per the user's request.,The protocol has been initiated as requested.,NO
triage-trace-0078.jsonl:engineer:0,engineer,resolution,The issue was resolved by clearing the browser cache and resetting the password again.,The issue was resolved by updating the authentication server configuration to correctly handle password changes.,YES
triage-trace-0082.jsonl:engineer:0,engineer,resolution,The issue requires a more detailed bug description to be properly assessed and resolved.,The issue has been resolved by providing a more detailed bug description to ensure clarity and completeness.,YES
triage-trace-0087.jsonl:engineer:0,engineer,resolution,Set the default font size to 14px to prevent text overlap when the screen is resized.,The issue was resolved by adjusting the CSS to ensure text elements resize correctly without overlapping.,YES
edit-review-trace-0005.jsonl:reviewer:0,reviewer,review,"The document is missing or not provided, so a review cannot be generated.","The document provides a concise definition of a distributed system, highlighting its key characteristics.",YES
edit-review-trace-0013.jsonl:reviewer:0,reviewer,review,"The document is missing or not provided, so a review cannot be generated.",The document provides a clear and concise definition of a distributed system.,YES
edit-review-trace-0022.jsonl:reviewer:0,reviewer,review,"The document is empty, so there is nothing to review.","The document provides a concise definition of a distributed system, highlighting its components and communication method.",YES
edit-review-trace-0023.jsonl:reviewer:0,reviewer,review,"The document is empty, so there is nothing to review.",The document provides a clear and concise definition of a distributed system.,YES
edit-review-trace-0033.jsonl:reviewer:0,reviewer,review,"The document is missing or not provided, so a review cannot be generated.",The document provides a clear and concise definition of a distributed system.,YES
edit-review-trace-0039.jsonl:reviewer:0,reviewer,review,"The document is missing or not provided, so a review cannot be generated.",The document provides a clear and concise definition of a distributed system.,YES
edit-review-trace-0041.jsonl:reviewer:0,reviewer,review,"The document is missing or not provided, so a review cannot be generated.",The document provides a clear and concise definition of a distributed system.,YES
edit-review-trace-0045.jsonl:reviewer:0,reviewer,review,"The document is empty, so there is nothing to review.","The document provides a concise definition of a distributed system, highlighting its components and functionality.",YES
edit-review-trace-0048.jsonl:reviewer:0,reviewer,review,"The document is missing or not provided, so a review cannot be generated.",The document provides a clear and concise definition of a distributed system.,YES
edit-review-trace-0051.jsonl:reviewer:0,reviewer,review,"The document is empty, so there is nothing to review.",The document provides a clear and concise definition of a distributed system.,YES
edit-review-trace-0061.jsonl:reviewer:0,reviewer,review,The document is not available for review.,The document provides a clear and concise definition of a distributed system.,YES
edit-review-trace-0062.jsonl:reviewer:0,reviewer,review,"The document is empty, so there is nothing to review.",The document provides a clear and concise definition of a distributed system.,YES
edit-review-trace-0069.jsonl:reviewer:0,reviewer,review,"The document is missing or not provided, so a review cannot be generated.",The document provides a clear and concise definition of a distributed system.,YES
edit-review-trace-0070.jsonl:reviewer:0,reviewer,review,"The document is missing or not provided, so a review cannot be generated.","The document provides a concise definition of a distributed system, highlighting its components and communication method.",YES
edit-review-trace-0097.jsonl:reviewer:0,reviewer,review,"The document is missing or not provided, so a review cannot be generated.",The document provides a clear and concise definition of a distributed system.,YES
